slug	name	category	why flagged	description written
ac_crossover_recovery	Cross-Band Recovery Protocol	arm_care	PFP/throwing/EASS/strap-sled — safest version written	You need a Crossover Symmetry band set. Complete the cross-band recovery series: 6 movements × 10 slow reps. Exhale on every pull. One rep is one full, controlled movement from start to finish and back.
ac_pivot_pickoff	Plyo Ball Pivot Pickoff	arm_care	PFP/throwing/EASS/strap-sled — safest version written	You need plyo balls. Athletic stance, pivot and throw yellow plyo. One rep is one full, controlled movement from start to finish and back.
ac_pivot_pickoff_softball	Plyo Ball Pivot Pickoff (Softball adapted)	arm_care	PFP/throwing/EASS/strap-sled — safest version written	You need plyo balls. Windmill circle pivot, throw plyo into wall. One rep is one full, controlled movement from start to finish and back.
ac_recovery_belly_breathing	3D Belly Breathing	arm_care	PFP/throwing/EASS/strap-sled — safest version written	Nose in, hold, out — expand 360. One rep is one full, controlled movement from start to finish and back.
ac_recovery_bfr_light_curls	BFR Light Arm Curls	arm_care	PFP/throwing/EASS/strap-sled — safest version written	You need a light dumbbell. BFR bands, 30-15-15-15 protocol, 30% 1RM. One rep is one full, controlled movement from start to finish and back.
ac_recovery_forearm_smash	Forearm Ball Smash	arm_care	PFP/throwing/EASS/strap-sled — safest version written	You need a lacrosse ball. Pin forearm with ball, wrist through range. One rep is one full, controlled movement from start to finish and back.
ac_recovery_lat_foam	Lat Foam Roll	arm_care	PFP/throwing/EASS/strap-sled — safest version written	You need a foam roller. Side lying on foam roller, roll lat slowly. One rep is one full, controlled movement from start to finish and back.
ac_recovery_pec_ball_smash	Pec Ball Smash	arm_care	PFP/throwing/EASS/strap-sled — safest version written	You need a lacrosse ball. Ball into pec on wall, small circles. One rep is one full, controlled movement from start to finish and back.
ac_recovery_plyo	Plyo Ball Recovery Flow	arm_care	PFP/throwing/EASS/strap-sled — safest version written	You need plyo balls. Light plyos post-outing — no intent, restore range. One rep is one full, controlled movement from start to finish and back.
ac_recovery_wall_hang	Wall Hang & Reach	arm_care	PFP/throwing/EASS/strap-sled — safest version written	Hang from bar or reach up on wall. Hold the position for the time shown above; that is one rep.
accentuated_eccentric_box_jump	Accentuated Eccentric Box Jump	speed_lab	generic shared cue	You need a sturdy box. Perform the Accentuated Eccentric Box Jump with smooth, controlled form. One rep is one run of the prescribed distance at the effort shown; walk back slowly to rest.
accentuated_eccentric_single_leg_box_jump	Accentuated Eccentric Single Leg Box Jump	speed_lab	generic shared cue	You need a sturdy box. Perform the Accentuated Eccentric Single Leg Box Jump with smooth, controlled form. One rep is one run of the prescribed distance at the effort shown; walk back slowly to rest.
all_fours_t_spine_rotation	All Fours T Spine Rotation	warmup	generic shared cue	Perform the All Fours T Spine Rotation with smooth, controlled form. One rep is one full, controlled movement from start to finish and back.
alternating_dumbbell_bench_press	Alternating Dumbbell Bench Press	strength	generic shared cue	You need two dumbbells and a bench. Perform the Alternating Dumbbell Bench Press with smooth, controlled form. One rep is one full, controlled movement from start to finish and back.
alternating_split_jump	Alternating Split Jump	speed_lab	generic shared cue	Perform the Alternating Split Jump with smooth, controlled form. One rep is one run of the prescribed distance at the effort shown; walk back slowly to rest.
altitude_landing	Altitude Landing	speed_lab	generic shared cue	You need a sturdy box. Perform the Altitude Landing with smooth, controlled form. One rep is one run of the prescribed distance at the effort shown; walk back slowly to rest.
arm_circle	Arm Circle	warmup	generic shared cue	Perform the Arm Circle with smooth, controlled form. One rep is one full, controlled movement from start to finish and back.
assisted_shoulder_flexion	Assisted Shoulder Flexion	arm_care	generic shared cue	You need a dowel or broomstick. Perform the Assisted Shoulder Flexion with smooth, controlled form. One rep is one full, controlled movement from start to finish and back.
atg_split_squat	Deep Range Split Squat	kot	PFP/throwing/EASS/strap-sled — safest version written	Front foot flat, drop hamstring to calf, drive up. Full range of motion, no half reps. One rep is one full, controlled movement from start to finish and back. Do every rep on one side, then switch sides.
backpedal	Backpedal	speed_lab	generic shared cue	Perform the Backpedal with smooth, controlled form. One rep is one run of the prescribed distance at the effort shown; walk back slowly to rest.
backward_step_down_heel_elevated	Backward Step Down Heel Elevated	kot	PFP/throwing/EASS/strap-sled — safest version written	Front foot fully on box, drive through heel + mid-foot, slow descent. One rep is one full, controlled movement from start to finish and back. Do every rep on one side, then switch sides.
band_assisted_acceleration	Band Assisted Acceleration	speed_lab	generic shared cue	You need a resistance band. Perform the Band Assisted Acceleration with smooth, controlled form. One rep is one run of the prescribed distance at the effort shown; walk back slowly to rest.
band_release_start	Band Release Start	speed_lab	generic shared cue	You need a resistance band. Perform the Band Release Start with smooth, controlled form. One rep is one run of the prescribed distance at the effort shown; walk back slowly to rest.
band_resisted_acceleration	Band Resisted Acceleration	speed_lab	generic shared cue	You need a resistance band. Perform the Band Resisted Acceleration with smooth, controlled form. One rep is one run of the prescribed distance at the effort shown; walk back slowly to rest.
banded_dead_bug	Banded Dead Bug	trunk	generic shared cue	You need a resistance band. Perform the Banded Dead Bug with smooth, controlled form. One rep is one full, controlled movement from start to finish and back. Do every rep on one side, then switch sides.
banded_push_up	Banded Push Up	strength	generic shared cue	You need a resistance band. Perform the Banded Push Up with smooth, controlled form. One rep is one full, controlled movement from start to finish and back.
banded_wall_slide	Banded Wall Slide	arm_care	generic shared cue	You need a resistance band. Perform the Banded Wall Slide with smooth, controlled form. One rep is one full, controlled movement from start to finish and back.
barbell_good_morning	Barbell Good Morning	strength	generic shared cue	You need a barbell and a squat rack. Perform the Barbell Good Morning with smooth, controlled form. One rep is one full, controlled movement from start to finish and back.
barbell_lateral_lunge	Barbell Lateral Lunge	strength	generic shared cue	You need a barbell. Perform the Barbell Lateral Lunge with smooth, controlled form. One rep is one full, controlled movement from start to finish and back. Do every rep on one side, then switch sides.
belt_squat	Belt Squat	strength	generic shared cue	Perform the Belt Squat with smooth, controlled form. One rep is one full, controlled movement from start to finish and back.
bench_supported_side_bend	Bench Supported Side Bend	trunk	generic shared cue	You need two dumbbells and a bench. Perform the Bench Supported Side Bend with smooth, controlled form. One rep is one full, controlled movement from start to finish and back.
bent_over_barbell_row	Bent Over Barbell Row	strength	generic shared cue	You need a barbell. Perform the Bent Over Barbell Row with smooth, controlled form. One rep is one full, controlled movement from start to finish and back.
bird_dog	Bird Dog	trunk	generic shared cue	Perform the Bird Dog with smooth, controlled form. One rep is one full, controlled movement from start to finish and back. Do every rep on one side, then switch sides.
bird_dog_row	Bird Dog Row	strength	generic shared cue	You need two dumbbells and a bench. Perform the Bird Dog Row with smooth, controlled form. One rep is one full, controlled movement from start to finish and back. Do every rep on one side, then switch sides.
block_power_clean	Block Power Clean	strength	generic shared cue	You need a barbell and yoga blocks. Perform the Block Power Clean with smooth, controlled form. One rep is one full, controlled movement from start to finish and back.
block_power_snatch	Block Power Snatch	strength	generic shared cue	You need a barbell and yoga blocks. Perform the Block Power Snatch with smooth, controlled form. One rep is one full, controlled movement from start to finish and back.
block_pull_deadlift	Block Pull Deadlift	strength	generic shared cue	You need a barbell and yoga blocks. Perform the Block Pull Deadlift with smooth, controlled form. One rep is one full, controlled movement from start to finish and back.
body_saw	Body Saw	trunk	generic shared cue	Perform the Body Saw with smooth, controlled form. One rep is one full, controlled movement from start to finish and back.
box_squat	Box Squat	strength	generic shared cue	You need a barbell and a squat rack. Perform the Box Squat with smooth, controlled form. One rep is one full, controlled movement from start to finish and back.
brachial_plexus_glide	Brachial Plexus Glide	warmup	generic shared cue	Perform the Brachial Plexus Glide with smooth, controlled form. Keep a steady, smooth rhythm until you reach the time or count shown above.
bretzel_stretch	Bretzel Stretch	warmup	generic shared cue	Perform the Bretzel Stretch with smooth, controlled form. Hold the position for the time shown above; that is one rep.
bs_landmine_rotational_punch	Landmine Rotational Punch	bat_speed	PFP/throwing/EASS/strap-sled — safest version written	You need a landmine (barbell anchored in a corner) and a barbell. Landmine bar at hip height. Rotate from the back hip and punch the bar forward and across. 3–, moderate load, high intent. One rep is one full, controlled movement from start to finish and back.
build_up_sprint	Build Up Sprint	speed_lab	generic shared cue	Perform the Build Up Sprint with smooth, controlled form. One rep is one run of the prescribed distance at the effort shown; walk back slowly to rest.
bulgarian_split_squat	Bulgarian Split Squat	strength	generic shared cue	You need two dumbbells and a bench. Perform the Bulgarian Split Squat with smooth, controlled form. One rep is one full, controlled movement from start to finish and back. Do every rep on one side, then switch sides.
butcher_block_stretch	Butcher Block Stretch	warmup	generic shared cue	You need a bench. Perform the Butcher Block Stretch with smooth, controlled form. Hold the position for the time shown above; that is one rep.
cable_high_low_rotation	Cable High Low Rotation	compound	generic shared cue	Set the cable (or a band tied to a post) at hip height on one side and hold the handle with both hands at your chest. Stand sideways to the anchor; turn your hips and chest away from it, pause, then return slowly. Do every rep on one side, then switch.
cat_cow	Cat Cow	warmup	generic shared cue	Perform the Cat Cow with smooth, controlled form. One rep is one full, controlled movement from start to finish and back.
chest_supported_row	Chest Supported Row	strength	generic shared cue	You need two dumbbells and a bench. Perform the Chest Supported Row with smooth, controlled form. One rep is one full, controlled movement from start to finish and back.
childs_pose	Childs Pose	warmup	generic shared cue	Perform the Childs Pose with smooth, controlled form. Keep a steady, smooth rhythm until you reach the time or count shown above.
chin_up	Chin Up	strength	generic shared cue	You need a pull-up bar. Perform the Chin Up with smooth, controlled form. One rep is one full, controlled movement from start to finish and back.
clean_pull_from_blocks	Clean Pull From Blocks	strength	generic shared cue	You need a barbell and yoga blocks. Perform the Clean Pull From Blocks with smooth, controlled form. One rep is one full, controlled movement from start to finish and back.
cobra_stretch	Cobra Stretch	warmup	generic shared cue	Perform the Cobra Stretch with smooth, controlled form. Hold the position for the time shown above; that is one rep.
continuous_hurdle_jump	Continuous Hurdle Jump	speed_lab	generic shared cue	You need hurdles. Perform the Continuous Hurdle Jump with smooth, controlled form. One rep is one run of the prescribed distance at the effort shown; walk back slowly to rest.
contralateral_step_up	Contralateral Step Up	strength	generic shared cue	You need a sturdy box and two dumbbells. Perform the Contralateral Step Up with smooth, controlled form. One rep is one full, controlled movement from start to finish and back. Do every rep on one side, then switch sides.
conventional_deadlift	Conventional Deadlift	strength	generic shared cue	You need a barbell and a squat rack. Perform the Conventional Deadlift with smooth, controlled form. One rep is one full, controlled movement from start to finish and back.
cossack_squat	Cossack Squat	strength	generic shared cue	Perform the Cossack Squat with smooth, controlled form. One rep is one full, controlled movement from start to finish and back. Do every rep on one side, then switch sides.
couch_stretch	Couch Stretch	warmup	generic shared cue	Perform the Couch Stretch with smooth, controlled form. Hold the position for the time shown above; that is one rep.
countermovement_jump	Countermovement Jump	speed_lab	generic shared cue	Perform the Countermovement Jump with smooth, controlled form. One rep is one run of the prescribed distance at the effort shown; walk back slowly to rest.
cross_body_crunch	Cross Body Crunch	trunk	generic shared cue	Perform the Cross Body Crunch with smooth, controlled form. One rep is one full, controlled movement from start to finish and back.
dead_hang	Dead Hang	warmup	generic shared cue	You need a pull-up bar. Perform the Dead Hang with smooth, controlled form. Hold the position for the time shown above; that is one rep.
dead_stop_trap_bar_deadlift	Dead Stop Trap Bar Deadlift	strength	generic shared cue	You need a trap bar. Perform the Dead Stop Trap Bar Deadlift with smooth, controlled form. One rep is one full, controlled movement from start to finish and back.
deficit_push_up	Deficit Push Up	strength	generic shared cue	Perform the Deficit Push Up with smooth, controlled form. One rep is one full, controlled movement from start to finish and back.
depth_drop_to_broad_jump	Depth Drop To Broad Jump	speed_lab	generic shared cue	You need a sturdy box. Perform the Depth Drop To Broad Jump with smooth, controlled form. One rep is one run of the prescribed distance at the effort shown; walk back slowly to rest.
dl_bat_speed_overload_ladder	Bat-Weight Ladder (Overload → Standard)	throwing_plyo	PFP/throwing/EASS/strap-sled — safest version written	You need weighted bats. 3 heavy then 3 standard then 3 light, blast pod recording each set. One rep is one full, controlled movement from start to finish and back.
dl_jband_series	Arm-Care Band Full Series	throwing_plyo	PFP/throwing/EASS/strap-sled — safest version written	You need a resistance band. External rotation, diagonals, Y-T-W-L pulls — 10 each, controlled. One rep is one full, controlled movement from start to finish and back.
dl_lateral_bound_to_throw	Lateral Bound to Throw	throwing_plyo	PFP/throwing/EASS/strap-sled — safest version written	You need a medicine ball. Lateral bound off back leg, stick land, deliver throw or med-ball. One rep is one throw. Do every rep on one side, then switch sides.
dl_med_ball_shotput	Med Ball Rotational Shotput	throwing_plyo	PFP/throwing/EASS/strap-sled — safest version written	You need a medicine ball. Load rear hip, shove med-ball into wall like a shotput, follow through. One rep is one throw.
dl_pivot_pickoff_throw	Pivot Pickoff Throw	throwing_plyo	PFP/throwing/EASS/strap-sled — safest version written	Quick pivot from set, snap short-arm throw, hit target the prescribed distance away. One rep is one throw.
dl_plyo_pivot_pickoff	Plyo Ball Pivot Pickoff	throwing_plyo	PFP/throwing/EASS/strap-sled — safest version written	You need a plyo ball. Athletic stance, quick pivot, snap plyo to wall, receive with soft hands. One rep is one throw.
dl_plyo_reverse_throw	Plyo Ball Reverse Throw	throwing_plyo	PFP/throwing/EASS/strap-sled — safest version written	You need a plyo ball. 1kg plyo, wind-up to backward throw against wall, catch cleanly. One rep is one throw.
dl_step_back_swing	Step-Back Overload Swing	throwing_plyo	PFP/throwing/EASS/strap-sled — safest version written	You need weighted bats. Overload bat, step-back gather, drive rear hip through contact. One rep is one full, controlled movement from start to finish and back.
dl_underload_swing_speed	Underload Speed Swings	throwing_plyo	PFP/throwing/EASS/strap-sled — safest version written	You need a speed stick. Speed stick, max intent 8 swings, focus late torso rotation. One rep is one full, controlled movement from start to finish and back.
dl_weighted_ball_hold	Weighted Ball Rocker Hold	throwing_plyo	PFP/throwing/EASS/strap-sled — safest version written	You need a weighted ball. Rocker throw with 2lb weighted ball, decelerate long into finish. Hold the position for the time shown above; that is one rep.
dolphin_plank	Dolphin Plank	trunk	generic shared cue	Perform the Dolphin Plank with smooth, controlled form. Hold the position for the time shown above; that is one rep.
doorway_pec_stretch	Doorway Pec Stretch	warmup	generic shared cue	Perform the Doorway Pec Stretch with smooth, controlled form. Hold the position for the time shown above; that is one rep.
double_leg_pike_stretch	Double Leg Pike Stretch	warmup	generic shared cue	Perform the Double Leg Pike Stretch with smooth, controlled form. Hold the position for the time shown above; that is one rep.
dowel_assisted_ninety_ninety_stretch	Dowel Assisted Ninety Ninety Stretch	arm_care	generic shared cue	You need a dowel or broomstick. Perform the Dowel Assisted Ninety Ninety Stretch with smooth, controlled form. One rep is one full, controlled movement from start to finish and back.
dumbbell_bench_press	Dumbbell Bench Press	strength	generic shared cue	You need two dumbbells and a bench. Perform the Dumbbell Bench Press with smooth, controlled form. One rep is one full, controlled movement from start to finish and back.
dumbbell_crunch	Dumbbell Crunch	trunk	generic shared cue	You need two dumbbells. Perform the Dumbbell Crunch with smooth, controlled form. One rep is one full, controlled movement from start to finish and back.
dumbbell_lateral_lunge	Dumbbell Lateral Lunge	strength	generic shared cue	You need two dumbbells. Perform the Dumbbell Lateral Lunge with smooth, controlled form. One rep is one full, controlled movement from start to finish and back. Do every rep on one side, then switch sides.
dumbbell_pullover_hold	Dumbbell Pullover Hold	strength	generic shared cue	You need two dumbbells and a bench. Perform the Dumbbell Pullover Hold with smooth, controlled form. Hold the position for the time shown above; that is one rep.
dumbbell_push_press	Dumbbell Push Press	strength	generic shared cue	You need two dumbbells. Perform the Dumbbell Push Press with smooth, controlled form. One rep is one full, controlled movement from start to finish and back.
dumbbell_rdl_to_row	Dumbbell RDL To Row	strength	generic shared cue	You need two dumbbells. Perform the Dumbbell RDL To Row with smooth, controlled form. One rep is one full, controlled movement from start to finish and back.
dumbbell_split_stance_rdl	Dumbbell Split Stance RDL	strength	generic shared cue	You need two dumbbells. Perform the Dumbbell Split Stance RDL with smooth, controlled form. One rep is one full, controlled movement from start to finish and back. Do every rep on one side, then switch sides.
dumbbell_squat_to_press	Dumbbell Squat To Press	strength	generic shared cue	You need two dumbbells. Perform the Dumbbell Squat To Press with smooth, controlled form. One rep is one full, controlled movement from start to finish and back.
elevated_pigeon_stretch	Elevated Pigeon Stretch	warmup	generic shared cue	You need a bench. Perform the Elevated Pigeon Stretch with smooth, controlled form. Hold the position for the time shown above; that is one rep.
falling_start	Falling Start	speed_lab	generic shared cue	Perform the Falling Start with smooth, controlled form. One rep is one run of the prescribed distance at the effort shown; walk back slowly to rest.
feet_elevated_inverted_row	Feet Elevated Inverted Row	strength	generic shared cue	You need a barbell and a sturdy box. Perform the Feet Elevated Inverted Row with smooth, controlled form. One rep is one full, controlled movement from start to finish and back.
fhl_calf_raise	FHL Calf Raise	kot	generic shared cue	Perform the FHL Calf Raise with smooth, controlled form. One rep is one full, controlled movement from start to finish and back.
fhl_peroneal	FHL / Peroneal Work	kot	PFP/throwing/EASS/strap-sled — safest version written	Band around big toe / lateral foot, controlled flexion. One rep is one full, controlled movement from start to finish and back.
forearm_pronation_supination	Forearm Pronation Supination	arm_care	generic shared cue	You need two dumbbells. Perform the Forearm Pronation Supination with smooth, controlled form. One rep is one full, controlled movement from start to finish and back.
forty_five_degree_back_extension	Forty Five Degree Back Extension	strength	generic shared cue	You need a back-extension bench. Perform the Forty Five Degree Back Extension with smooth, controlled form. One rep is one full, controlled movement from start to finish and back.
forward_backward_leg_swing	Forward Backward Leg Swing	warmup	generic shared cue	Perform the Forward Backward Leg Swing with smooth, controlled form. One rep is one full, controlled movement from start to finish and back.
four_way_plank	Four Way Plank	trunk	generic shared cue	Perform the Four Way Plank with smooth, controlled form. Hold the position for the time shown above; that is one rep.
frankenstein_walk	Frankenstein Walk	warmup	generic shared cue	Perform the Frankenstein Walk with smooth, controlled form. One rep is one full, controlled movement from start to finish and back.
frog_rock	Frog Rock	warmup	generic shared cue	Perform the Frog Rock with smooth, controlled form. Keep a steady, smooth rhythm until you reach the time or count shown above.
front_foot_elevated_reverse_lunge	Front Foot Elevated Reverse Lunge	strength	generic shared cue	You need two dumbbells and a weight plate. Perform the Front Foot Elevated Reverse Lunge with smooth, controlled form. One rep is one full, controlled movement from start to finish and back. Do every rep on one side, then switch sides.
front_neck_bridge	Front Neck Bridge	arm_care	generic shared cue	Perform the Front Neck Bridge with smooth, controlled form. Hold the position for the time shown above; that is one rep.
full_range_dip	Full Range Dip	strength	generic shared cue	Perform the Full Range Dip with smooth, controlled form. One rep is one full, controlled movement from start to finish and back.
full_range_dumbbell_shoulder_press	Full Range Dumbbell Shoulder Press	strength	generic shared cue	You need two dumbbells. Perform the Full Range Dumbbell Shoulder Press with smooth, controlled form. One rep is one full, controlled movement from start to finish and back.
full_rom_calf	Full-ROM Calf Raise	kot	PFP/throwing/EASS/strap-sled — safest version written	On step, drop heel below, rise to full point, slow tempo. One rep is one full, controlled movement from start to finish and back.
gap_catcher_stance_hold_l1	Catcher Stance Hold — Level 1	kot	PFP/throwing/EASS/strap-sled — safest version written	Squat down into your catching stance with your heels down, holding a post or doorframe for balance. Hold, breathe, stand up. One rep is one full, controlled movement from start to finish and back.
gap_catcher_stance_rock_l2	Catcher Stance Rock — Level 2	kot	PFP/throwing/EASS/strap-sled — safest version written	From the catching stance with no hands for support, rock gently side to side, then front to back. Heels stay down the whole time. One rep is one full, controlled movement from start to finish and back.
gap_catcher_stance_split_l3	Catcher Stance Split Load — Level 3	kot	PFP/throwing/EASS/strap-sled — safest version written	From the catching stance, shift most of your weight onto one leg, hold, then shift to the other. Heels stay down. One rep is one full, controlled movement from start to finish and back.
gap_kot_calf_tempo_raise	Tempo Calf Raise	kot	PFP/throwing/EASS/strap-sled — safest version written	Rise onto your toes over two seconds, hold one second at the top, lower over three seconds. Both feet or one at a time. One rep is one full, controlled movement from start to finish and back.
gap_kot_step_down_low	Low Step-Down	kot	PFP/throwing/EASS/strap-sled — safest version written	You need a sturdy box. Stand on a low step on one leg. Lower slowly until the other heel taps the floor, then stand back up. One rep is one full, controlled movement from start to finish and back.
gap_tibialis_wall_raise	Shin Raise at the Wall	kot	PFP/throwing/EASS/strap-sled — safest version written	Stand with your back to a wall, feet a step out. Pull your toes up toward your shins, then lower slowly. One rep is one full, controlled movement from start to finish and back.
garhammer_raise	Garhammer Raise	trunk	generic shared cue	You need a pull-up bar. Perform the Garhammer Raise with smooth, controlled form. One rep is one full, controlled movement from start to finish and back.
hack_squat	Hack Squat	strength	generic shared cue	Perform the Hack Squat with smooth, controlled form. One rep is one full, controlled movement from start to finish and back.
half_kneeling_band_external_rotation	Half Kneeling Band External Rotation	arm_care	generic shared cue	You need a resistance band. Perform the Half Kneeling Band External Rotation with smooth, controlled form. One rep is one full, controlled movement from start to finish and back. Do every rep on one side, then switch sides.
half_kneeling_cable_high_row	Half Kneeling Cable High Row	strength	generic shared cue	Set the cable (or a band tied to a post) at chest height in front of you and hold the handle with the arm straight. Pull your elbow back to your ribs, squeezing the shoulder blade, then reach forward slowly.
half_kneeling_cable_lift	Half Kneeling Cable Lift	compound	generic shared cue	Set the cable (or a band tied to a post) low, near the floor, on one side and hold the handle with both hands. Pull it up and across your body to above the opposite shoulder, turning from the hips; return slowly. Do every rep on one side, then switch.
half_kneeling_hip_flexor_stretch	Half Kneeling Hip Flexor Stretch	warmup	generic shared cue	Perform the Half Kneeling Hip Flexor Stretch with smooth, controlled form. Hold the position for the time shown above; that is one rep. Do every rep on one side, then switch sides.
half_kneeling_lat_pulldown	Half Kneeling Lat Pulldown	strength	generic shared cue	Hold the cable handle above your head with the anchor high in front of you. Pull your elbow down to your side, leading with the shoulder blade, then let the arm rise slowly.
half_kneeling_start	Half Kneeling Start	speed_lab	generic shared cue	Perform the Half Kneeling Start with smooth, controlled form. One rep is one run of the prescribed distance at the effort shown; walk back slowly to rest.
hamstring_kick	Hamstring Kick	speed_lab	generic shared cue	Perform the Hamstring Kick with smooth, controlled form. One rep is one run of the prescribed distance at the effort shown; walk back slowly to rest.
hang_high_pull	Hang High Pull	strength	generic shared cue	You need a barbell. Perform the Hang High Pull with smooth, controlled form. One rep is one full, controlled movement from start to finish and back.
hang_jump_shrug	Hang Jump Shrug	strength	generic shared cue	You need a barbell. Perform the Hang Jump Shrug with smooth, controlled form. One rep is one full, controlled movement from start to finish and back.
hanging_knee_raise	Hanging Knee Raise	trunk	generic shared cue	You need a pull-up bar. Perform the Hanging Knee Raise with smooth, controlled form. One rep is one full, controlled movement from start to finish and back.
hanging_knees_to_elbows	Hanging Knees To Elbows	trunk	generic shared cue	You need a pull-up bar. Perform the Hanging Knees To Elbows with smooth, controlled form. One rep is one full, controlled movement from start to finish and back.
heavy_sled_explosive_start	Heavy Sled Explosive Start	speed_lab	generic shared cue	Load the sled, grab the tall handles with straight arms and lean in at about 45 degrees. Push the sled forward with short, powerful steps; walk back between reps.
heel_elevated_front_squat	Heel Elevated Front Squat	strength	generic shared cue	You need a barbell and a squat rack. Perform the Heel Elevated Front Squat with smooth, controlled form. One rep is one full, controlled movement from start to finish and back.
heel_walk	Heel Walk	kot	generic shared cue	Perform the Heel Walk with smooth, controlled form. One rep is one full, controlled movement from start to finish and back.
hex_bar_deadlift	Hex Bar Deadlift	strength	generic shared cue	You need a trap bar. Perform the Hex Bar Deadlift with smooth, controlled form. One rep is one full, controlled movement from start to finish and back.
hip_circle	Hip Circle	warmup	generic shared cue	Perform the Hip Circle with smooth, controlled form. One rep is one full, controlled movement from start to finish and back.
hurdle_jump	Hurdle Jump	speed_lab	generic shared cue	You need hurdles. Perform the Hurdle Jump with smooth, controlled form. One rep is one run of the prescribed distance at the effort shown; walk back slowly to rest.
hurdle_over_under	Hurdle Over Under	warmup	generic shared cue	You need hurdles. Perform the Hurdle Over Under with smooth, controlled form. One rep is one full, controlled movement from start to finish and back.
hurdle_pogo	Hurdle Pogo	speed_lab	generic shared cue	You need mini hurdles. Perform the Hurdle Pogo with smooth, controlled form. One rep is one run of the prescribed distance at the effort shown; walk back slowly to rest.
hurdle_rhythm_walk	Hurdle Rhythm Walk	warmup	generic shared cue	You need hurdles. Perform the Hurdle Rhythm Walk with smooth, controlled form. One rep is one full, controlled movement from start to finish and back.
hurdle_step_over	Hurdle Step Over	warmup	generic shared cue	You need hurdles. Perform the Hurdle Step Over with smooth, controlled form. One rep is one full, controlled movement from start to finish and back.
hwc_finger_pushup_floor	Finger Push-Ups, Floor	hand_wrist_chain	generic shared cue	Perform the Finger Push-Ups, Floor with smooth, controlled form. One rep is one full, controlled movement from start to finish and back.
hwc_finger_pushup_incline	Finger Push-Ups, Incline	hand_wrist_chain	generic shared cue	Perform the Finger Push-Ups, Incline with smooth, controlled form. One rep is one full, controlled movement from start to finish and back.
hwc_finger_pushup_kneeling	Finger Push-Ups, Kneeling	hand_wrist_chain	generic shared cue	Perform the Finger Push-Ups, Kneeling with smooth, controlled form. One rep is one full, controlled movement from start to finish and back.
hwc_finger_pushup_wall	Finger Push-Ups, Wall	hand_wrist_chain	generic shared cue	Perform the Finger Push-Ups, Wall with smooth, controlled form. One rep is one full, controlled movement from start to finish and back.
hwc_fingertip_plank_floor	Fingertip Plank Hold, Floor	hand_wrist_chain	generic shared cue	Perform the Fingertip Plank Hold, Floor with smooth, controlled form. Hold the position for the time shown above; that is one rep.
hwc_fingertip_plank_incline	Fingertip Plank Hold, Incline	hand_wrist_chain	generic shared cue	Perform the Fingertip Plank Hold, Incline with smooth, controlled form. Hold the position for the time shown above; that is one rep.
hwc_fingertip_plank_kneeling	Fingertip Plank Hold, Kneeling	hand_wrist_chain	generic shared cue	Perform the Fingertip Plank Hold, Kneeling with smooth, controlled form. Hold the position for the time shown above; that is one rep.
hwc_fingertip_plank_wall	Fingertip Plank Hold, Wall	hand_wrist_chain	generic shared cue	Perform the Fingertip Plank Hold, Wall with smooth, controlled form. Hold the position for the time shown above; that is one rep.
hwc_wrist_pogo_floor	Wrist Pogos, Floor	hand_wrist_chain	generic shared cue	Perform the Wrist Pogos, Floor with smooth, controlled form. One rep is one full, controlled movement from start to finish and back.
hwc_wrist_pogo_incline	Wrist Pogos, Incline Bench	hand_wrist_chain	generic shared cue	Perform the Wrist Pogos, Incline Bench with smooth, controlled form. One rep is one full, controlled movement from start to finish and back.
hwc_wrist_pogo_kneeling	Wrist Pogos, Kneeling Floor	hand_wrist_chain	generic shared cue	Perform the Wrist Pogos, Kneeling Floor with smooth, controlled form. One rep is one full, controlled movement from start to finish and back.
hwc_wrist_pogo_wall	Wrist Wall Pogos, Standing	hand_wrist_chain	generic shared cue	Perform the Wrist Wall Pogos, Standing with smooth, controlled form. One rep is one full, controlled movement from start to finish and back.
hwc_wrist_pogo_wall_lean	Wrist Wall Pogos, Steeper Lean	hand_wrist_chain	generic shared cue	Perform the Wrist Wall Pogos, Steeper Lean with smooth, controlled form. One rep is one full, controlled movement from start to finish and back.
incline_barbell_bench_press	Incline Barbell Bench Press	strength	generic shared cue	You need a barbell and a bench. Perform the Incline Barbell Bench Press with smooth, controlled form. One rep is one full, controlled movement from start to finish and back.
incline_dumbbell_hammer_curl	Incline Dumbbell Hammer Curl	arm_care	generic shared cue	You need two dumbbells and a bench. Perform the Incline Dumbbell Hammer Curl with smooth, controlled form. One rep is one full, controlled movement from start to finish and back.
incline_dumbbell_press	Incline Dumbbell Press	strength	generic shared cue	You need two dumbbells and a bench. Perform the Incline Dumbbell Press with smooth, controlled form. One rep is one full, controlled movement from start to finish and back.
incline_pigeon_pose	Incline Pigeon Pose	warmup	generic shared cue	You need a bench. Perform the Incline Pigeon Pose with smooth, controlled form. Keep a steady, smooth rhythm until you reach the time or count shown above.
iron_cross	Iron Cross	warmup	generic shared cue	Perform the Iron Cross with smooth, controlled form. One rep is one full, controlled movement from start to finish and back.
isometric_hold_pull_up	Isometric Hold Pull Up	strength	generic shared cue	You need a pull-up bar. Perform the Isometric Hold Pull Up with smooth, controlled form. Hold the position for the time shown above; that is one rep.
kneeling_ab_rollout	Kneeling Ab Rollout	trunk	generic shared cue	You need an ab wheel. Perform the Kneeling Ab Rollout with smooth, controlled form. One rep is one full, controlled movement from start to finish and back.
kneeling_achilles_stretch	Kneeling Achilles Stretch	warmup	generic shared cue	Perform the Kneeling Achilles Stretch with smooth, controlled form. Hold the position for the time shown above; that is one rep.
kneeling_ankle_rocks	Kneeling Ankle Rocks	kot	generic shared cue	Perform the Kneeling Ankle Rocks with smooth, controlled form. One rep is one full, controlled movement from start to finish and back.
kneeling_medicine_ball_chest_pass	Kneeling Medicine Ball Chest Pass	compound	generic shared cue	You need a medicine ball. Perform the Kneeling Medicine Ball Chest Pass with smooth, controlled form. One rep is one full, controlled movement from start to finish and back.
kot_ankle_pogo	Weighted Ankle Pogo	kot	PFP/throwing/EASS/strap-sled — safest version written	Small vest or dumbbell, stiff ankles, bounce at ball of foot. One rep is one full, controlled movement from start to finish and back.
kot_atg_split_squat	Split Squat, Short Range	kot	PFP/throwing/EASS/strap-sled — safest version written	You need one dumbbell. Front shin travels forward only to a pain-free range — stop well short of your deepest sit. Controlled down, no bounce, no near-failure reps. One rep is one full, controlled movement from start to finish and back. Do every rep on one side, then switch sides.
kot_backward_sled_drag	Backward Sled Drag	kot	PFP/throwing/EASS/strap-sled — safest version written	Attach straps to the sled and hold them in front of you with straight arms, facing the sled. Walk backward, pulling the sled toward you with every step and pushing through the balls of your feet.
kot_couch_stretch_iso	Couch Stretch ISO	kot	PFP/throwing/EASS/strap-sled — safest version written	Back foot on couch, front knee vertical, pelvis tucked, breathe. One rep is one full, controlled movement from start to finish and back.
kot_elephant_walks	Elephant Walks	kot	PFP/throwing/EASS/strap-sled — safest version written	Straight-leg walk, hands walk to feet, alternate heel presses. One rep is one full, controlled movement from start to finish and back.
kot_nordic_hamstring	Nordic Hamstring Curl, Partner-Anchored	kot	PFP/throwing/EASS/strap-sled — safest version written	Anchor ankles, fall forward slowly, catch with hands, ride to floor. One rep is one full, controlled movement from start to finish and back.
kot_seated_good_morning	Seated Good Morning	kot	PFP/throwing/EASS/strap-sled — safest version written	You need one dumbbell. Straddle-seated on floor, hinge chest to floor, load slow eccentric. One rep is one full, controlled movement from start to finish and back.
kot_slantboard_squat	Slantboard Squat	kot	PFP/throwing/EASS/strap-sled — safest version written	You need one dumbbell. Heels elevated 25°, squat straight down, knees deep past toes. One rep is one full, controlled movement from start to finish and back.
kot_tibialis_raise	Tibialis Raise, Loaded	kot	PFP/throwing/EASS/strap-sled — safest version written	Heels planted, pull toes up hard against wall or tib bar. One rep is one full, controlled movement from start to finish and back.
l_sit	L Sit	trunk	generic shared cue	Perform the L Sit with smooth, controlled form. Keep a steady, smooth rhythm until you reach the time or count shown above.
landmine_overhead_rotation	Landmine Overhead Rotation	trunk	generic shared cue	You need a landmine (barbell anchored in a corner). Perform the Landmine Overhead Rotation with smooth, controlled form. One rep is one full, controlled movement from start to finish and back.
landmine_push_press	Landmine Push Press	strength	generic shared cue	You need a landmine (barbell anchored in a corner). Perform the Landmine Push Press with smooth, controlled form. One rep is one full, controlled movement from start to finish and back.
landmine_straight_leg_sit_up	Landmine Straight Leg Sit Up	trunk	generic shared cue	You need a landmine (barbell anchored in a corner). Perform the Landmine Straight Leg Sit Up with smooth, controlled form. One rep is one full, controlled movement from start to finish and back.
lateral_band_walk	Lateral Band Walk	warmup	generic shared cue	You need a mini band. Perform the Lateral Band Walk with smooth, controlled form. One rep is one full, controlled movement from start to finish and back.
lateral_hurdle_step_over	Lateral Hurdle Step Over	warmup	generic shared cue	You need hurdles. Perform the Lateral Hurdle Step Over with smooth, controlled form. One rep is one full, controlled movement from start to finish and back.
lateral_leg_swing	Lateral Leg Swing	warmup	generic shared cue	Perform the Lateral Leg Swing with smooth, controlled form. One rep is one full, controlled movement from start to finish and back.
lateral_lunge_switch	Lateral Lunge Switch	warmup	generic shared cue	Perform the Lateral Lunge Switch with smooth, controlled form. One rep is one full, controlled movement from start to finish and back. Do every rep on one side, then switch sides.
lateral_shuffle	Lateral Shuffle	speed_lab	generic shared cue	Perform the Lateral Shuffle with smooth, controlled form. One rep is one run of the prescribed distance at the effort shown; walk back slowly to rest.
leg_cradle	Leg Cradle	warmup	generic shared cue	Perform the Leg Cradle with smooth, controlled form. One rep is one full, controlled movement from start to finish and back.
loaded_broad_jump	Loaded Broad Jump	speed_lab	generic shared cue	You need two dumbbells. Perform the Loaded Broad Jump with smooth, controlled form. One rep is one run of the prescribed distance at the effort shown; walk back slowly to rest.
loaded_countermovement_jump	Loaded Countermovement Jump	speed_lab	generic shared cue	You need two dumbbells. Perform the Loaded Countermovement Jump with smooth, controlled form. One rep is one run of the prescribed distance at the effort shown; walk back slowly to rest.
long_lunge	Long Lunge	warmup	generic shared cue	Perform the Long Lunge with smooth, controlled form. Keep a steady, smooth rhythm until you reach the time or count shown above. Do every rep on one side, then switch sides.
low_cable_hip_flexor_pull_in	Low Cable Hip Flexor Pull In	trunk	generic shared cue	Strap the cable (or a band) around one ankle with the anchor low and behind you. Stand tall holding something for balance and drive that knee up and forward against the pull, then lower slowly. Do every rep on one leg, then switch.
lunge_with_elbow_tuck_rotation	Lunge With Elbow Tuck Rotation	warmup	generic shared cue	Perform the Lunge With Elbow Tuck Rotation with smooth, controlled form. One rep is one full, controlled movement from start to finish and back. Do every rep on one side, then switch sides.
median_nerve_glide	Median Nerve Glide	warmup	generic shared cue	Perform the Median Nerve Glide with smooth, controlled form. Keep a steady, smooth rhythm until you reach the time or count shown above.
medicine_ball_chest_pass	Medicine Ball Chest Pass	compound	generic shared cue	You need a medicine ball. Perform the Medicine Ball Chest Pass with smooth, controlled form. One rep is one full, controlled movement from start to finish and back.
medicine_ball_hip_toss	Medicine Ball Hip Toss	compound	generic shared cue	You need a medicine ball. Perform the Medicine Ball Hip Toss with smooth, controlled form. One rep is one full, controlled movement from start to finish and back.
medicine_ball_overhead_throw	Medicine Ball Overhead Throw	compound	generic shared cue	You need a medicine ball. Perform the Medicine Ball Overhead Throw with smooth, controlled form. One rep is one throw.
medicine_ball_push_toss	Medicine Ball Push Toss	compound	generic shared cue	You need a medicine ball. Perform the Medicine Ball Push Toss with smooth, controlled form. One rep is one full, controlled movement from start to finish and back.
medicine_ball_rotational_deceleration_toss	Medicine Ball Rotational Deceleration Toss	compound	generic shared cue	You need a medicine ball. Perform the Medicine Ball Rotational Deceleration Toss with smooth, controlled form. One rep is one full, controlled movement from start to finish and back.
medicine_ball_scoop_toss	Medicine Ball Scoop Toss	compound	generic shared cue	You need a medicine ball. Perform the Medicine Ball Scoop Toss with smooth, controlled form. One rep is one full, controlled movement from start to finish and back.
medicine_ball_shot_put_throw	Medicine Ball Shot Put Throw	compound	generic shared cue	You need a medicine ball. Perform the Medicine Ball Shot Put Throw with smooth, controlled form. One rep is one throw.
medicine_ball_side_toss	Medicine Ball Side Toss	compound	generic shared cue	You need a medicine ball. Perform the Medicine Ball Side Toss with smooth, controlled form. One rep is one full, controlled movement from start to finish and back.
medicine_ball_sit_up_throw	Medicine Ball Sit Up Throw	compound	generic shared cue	You need a medicine ball. Perform the Medicine Ball Sit Up Throw with smooth, controlled form. One rep is one throw.
medicine_ball_slam	Medicine Ball Slam	compound	generic shared cue	You need a medicine ball. Perform the Medicine Ball Slam with smooth, controlled form. One rep is one full, controlled movement from start to finish and back.
medicine_ball_supine_throw	Medicine Ball Supine Throw	compound	generic shared cue	You need a medicine ball. Perform the Medicine Ball Supine Throw with smooth, controlled form. One rep is one throw.
mid_thigh_pull	Mid Thigh Pull	strength	generic shared cue	You need a barbell and a squat rack. Perform the Mid Thigh Pull with smooth, controlled form. One rep is one full, controlled movement from start to finish and back.
mini_band_clamshell	Mini Band Clamshell	warmup	generic shared cue	You need a mini band. Perform the Mini Band Clamshell with smooth, controlled form. One rep is one full, controlled movement from start to finish and back.
monster_walk	Monster Walk	warmup	generic shared cue	You need a mini band. Perform the Monster Walk with smooth, controlled form. One rep is one full, controlled movement from start to finish and back.
neck_extension	Neck Extension	arm_care	generic shared cue	Perform the Neck Extension with smooth, controlled form. One rep is one full, controlled movement from start to finish and back.
neck_flexion	Neck Flexion	arm_care	generic shared cue	Perform the Neck Flexion with smooth, controlled form. One rep is one full, controlled movement from start to finish and back.
ninety_ninety_hip_stretch	Ninety Ninety Hip Stretch	warmup	generic shared cue	Perform the Ninety Ninety Hip Stretch with smooth, controlled form. Hold the position for the time shown above; that is one rep.
non_countermovement_squat_jump	Non Countermovement Squat Jump	speed_lab	generic shared cue	Perform the Non Countermovement Squat Jump with smooth, controlled form. One rep is one run of the prescribed distance at the effort shown; walk back slowly to rest.
off_bench_oblique	Off Bench Oblique	trunk	generic shared cue	You need a bench. Perform the Off Bench Oblique with smooth, controlled form. One rep is one full, controlled movement from start to finish and back.
offset_farmer_carry	Offset Farmer Carry	strength	generic shared cue	You need two dumbbells. Perform the Offset Farmer Carry with smooth, controlled form. One rep is one run of the prescribed distance at the effort shown; walk back slowly to rest.
one_arm_cable_pulldown	One Arm Cable Pulldown	strength	generic shared cue	Hold the cable handle above your head with the anchor high in front of you. Pull your elbow down to your side, leading with the shoulder blade, then let the arm rise slowly.
one_eighty_cut_sprint	One Eighty Cut Sprint	speed_lab	generic shared cue	Perform the One Eighty Cut Sprint with smooth, controlled form. One rep is one run of the prescribed distance at the effort shown; walk back slowly to rest.
over_bench_wrist_curl	Over Bench Wrist Curl	arm_care	generic shared cue	You need two dumbbells and a bench. Perform the Over Bench Wrist Curl with smooth, controlled form. One rep is one full, controlled movement from start to finish and back.
overhead_carry	Overhead Carry	strength	generic shared cue	You need two dumbbells. Perform the Overhead Carry with smooth, controlled form. One rep is one run of the prescribed distance at the effort shown; walk back slowly to rest.
overhead_wall_slide	Overhead Wall Slide	warmup	generic shared cue	Perform the Overhead Wall Slide with smooth, controlled form. Keep a steady, smooth rhythm until you reach the time or count shown above.
paused_deep_squat	Paused Deep Squat	strength	generic shared cue	You need a barbell and a squat rack. Perform the Paused Deep Squat with smooth, controlled form. One rep is one full, controlled movement from start to finish and back.
petersen_step_up	Petersen Step Up	strength	generic shared cue	You need a sturdy box. Perform the Petersen Step Up with smooth, controlled form. One rep is one full, controlled movement from start to finish and back. Do every rep on one side, then switch sides.
physioball_leg_curl	Physioball Leg Curl	strength	generic shared cue	Perform the Physioball Leg Curl with smooth, controlled form. One rep is one full, controlled movement from start to finish and back.
pin_squat_concentric_only	Pin Squat Concentric Only	strength	generic shared cue	You need a barbell and a squat rack. Perform the Pin Squat Concentric Only with smooth, controlled form. One rep is one full, controlled movement from start to finish and back.
pitcher_field_and_cover	Pitcher Field-and-Cover	conditioning	PFP/throwing/EASS/strap-sled — safest version written	One play per rep. On odd reps, field a ball hit back at you and throw to first. On even reps, run to cover first on a ground ball to the right side and catch the throw on the bag.
plank_drag_through	Plank Drag Through	trunk	generic shared cue	You need two dumbbells. Perform the Plank Drag Through with smooth, controlled form. One rep is one full, controlled movement from start to finish and back.
plank_with_reach	Plank With Reach	trunk	generic shared cue	Perform the Plank With Reach with smooth, controlled form. Hold the position for the time shown above; that is one rep.
plantar_fascia_release	Plantar Fascia Release	warmup	generic shared cue	You need a lacrosse ball. Perform the Plantar Fascia Release with smooth, controlled form. Keep a steady, smooth rhythm until you reach the time or count shown above.
plate_pinch	Plate Pinch	arm_care	generic shared cue	You need a weight plate. Perform the Plate Pinch with smooth, controlled form. Keep a steady, smooth rhythm until you reach the time or count shown above.
plate_press	Plate Press	strength	generic shared cue	You need a weight plate. Perform the Plate Press with smooth, controlled form. One rep is one full, controlled movement from start to finish and back.
powell_raise	Powell Raise	arm_care	generic shared cue	You need two dumbbells and a bench. Perform the Powell Raise with smooth, controlled form. One rep is one full, controlled movement from start to finish and back.
power_high_pull	Power High Pull	strength	generic shared cue	You need a barbell. Perform the Power High Pull with smooth, controlled form. One rep is one full, controlled movement from start to finish and back.
prone_horizontal_abduction	Prone Horizontal Abduction	arm_care	generic shared cue	You need two dumbbells and a bench. Perform the Prone Horizontal Abduction with smooth, controlled form. One rep is one full, controlled movement from start to finish and back.
prone_neck_bridge	Prone Neck Bridge	arm_care	generic shared cue	Perform the Prone Neck Bridge with smooth, controlled form. Hold the position for the time shown above; that is one rep.
prone_weighted_reverse_fly	Prone Weighted Reverse Fly	strength	generic shared cue	You need two dumbbells and a bench. Perform the Prone Weighted Reverse Fly with smooth, controlled form. One rep is one full, controlled movement from start to finish and back.
prone_y_t_w_raise	Prone Y T W Raise	strength	generic shared cue	You need a bench. Perform the Prone Y T W Raise with smooth, controlled form. One rep is one full, controlled movement from start to finish and back.
pull_up	Pull Up	strength	generic shared cue	You need a pull-up bar. Perform the Pull Up with smooth, controlled form. One rep is one full, controlled movement from start to finish and back.
push_up_start	Push Up Start	speed_lab	generic shared cue	Perform the Push Up Start with smooth, controlled form. One rep is one run of the prescribed distance at the effort shown; walk back slowly to rest.
radial_deviation	Radial Deviation	arm_care	generic shared cue	You need two dumbbells. Perform the Radial Deviation with smooth, controlled form. One rep is one full, controlled movement from start to finish and back.
resisted_acceleration	Resisted Acceleration	speed_lab	generic shared cue	You need a sled. Perform the Resisted Acceleration with smooth, controlled form. One rep is one run of the prescribed distance at the effort shown; walk back slowly to rest.
resisted_dead_bug	Resisted Dead Bug	trunk	generic shared cue	You need a resistance band. Perform the Resisted Dead Bug with smooth, controlled form. One rep is one full, controlled movement from start to finish and back. Do every rep on one side, then switch sides.
reverse_arm_circle	Reverse Arm Circle	warmup	generic shared cue	Perform the Reverse Arm Circle with smooth, controlled form. One rep is one full, controlled movement from start to finish and back.
reverse_nordic	Reverse Nordic	kot	PFP/throwing/EASS/strap-sled — safest version written	Tall kneeling, lean back slow under control, return. One rep is one full, controlled movement from start to finish and back.
reverse_nordic_curl	Reverse Nordic Curl	strength	generic shared cue	Perform the Reverse Nordic Curl with smooth, controlled form. One rep is one full, controlled movement from start to finish and back.
reverse_powell_raise	Reverse Powell Raise	arm_care	generic shared cue	You need two dumbbells and a bench. Perform the Reverse Powell Raise with smooth, controlled form. One rep is one full, controlled movement from start to finish and back.
reverse_wrist_curl	Reverse Wrist Curl	arm_care	generic shared cue	You need two dumbbells. Perform the Reverse Wrist Curl with smooth, controlled form. One rep is one full, controlled movement from start to finish and back.
ring_dip	Ring Dip	strength	generic shared cue	You need gymnastic rings. Perform the Ring Dip with smooth, controlled form. One rep is one full, controlled movement from start to finish and back.
ring_push_up	Ring Push Up	strength	generic shared cue	You need gymnastic rings. Perform the Ring Push Up with smooth, controlled form. One rep is one full, controlled movement from start to finish and back.
roll_back_to_reach_through	Roll Back To Reach Through	warmup	generic shared cue	Perform the Roll Back To Reach Through with smooth, controlled form. One rep is one full, controlled movement from start to finish and back.
rudimentary_skip	Rudimentary Skip	speed_lab	generic shared cue	Perform the Rudimentary Skip with smooth, controlled form. One rep is one run of the prescribed distance at the effort shown; walk back slowly to rest.
russian_twist	Russian Twist	trunk	generic shared cue	You need a medicine ball. Perform the Russian Twist with smooth, controlled form. One rep is one full, controlled movement from start to finish and back.
scorpion	Scorpion	warmup	generic shared cue	Perform the Scorpion with smooth, controlled form. One rep is one full, controlled movement from start to finish and back.
seated_alternating_shoulder_press	Seated Alternating Shoulder Press	strength	generic shared cue	You need two dumbbells and a bench. Perform the Seated Alternating Shoulder Press with smooth, controlled form. One rep is one full, controlled movement from start to finish and back.
seated_box_jump	Seated Box Jump	speed_lab	generic shared cue	You need a sturdy box. Perform the Seated Box Jump with smooth, controlled form. One rep is one run of the prescribed distance at the effort shown; walk back slowly to rest.
seated_broad_jump	Seated Broad Jump	speed_lab	generic shared cue	You need a sturdy box. Perform the Seated Broad Jump with smooth, controlled form. One rep is one run of the prescribed distance at the effort shown; walk back slowly to rest.
seated_cable_row	Seated Cable Row	strength	generic shared cue	Set the cable (or a band tied to a post) at chest height in front of you and hold the handle with the arm straight. Pull your elbow back to your ribs, squeezing the shoulder blade, then reach forward slowly.
seated_calf_raise	Seated Calf Raise	kot	generic shared cue	You need a bench. Perform the Seated Calf Raise with smooth, controlled form. One rep is one full, controlled movement from start to finish and back.
seated_chest_pass	Seated Chest Pass	compound	generic shared cue	You need a medicine ball. Perform the Seated Chest Pass with smooth, controlled form. One rep is one full, controlled movement from start to finish and back.
seated_hip_cars	Seated Hip Circles	warmup	generic shared cue	Perform the Seated Hip Circles with smooth, controlled form. One rep is one full, controlled movement from start to finish and back. Do every rep on one side, then switch sides.
seated_tibialis_raise	Seated Tibialis Raise	kot	generic shared cue	Perform the Seated Tibialis Raise with smooth, controlled form. One rep is one full, controlled movement from start to finish and back.
seated_vertical_jump	Seated Vertical Jump	speed_lab	generic shared cue	You need a sturdy box. Perform the Seated Vertical Jump with smooth, controlled form. One rep is one run of the prescribed distance at the effort shown; walk back slowly to rest.
single_arm_cable_row	Single Arm Cable Row	strength	generic shared cue	Set the cable (or a band tied to a post) at chest height in front of you and hold the handle with the arm straight. Pull your elbow back to your ribs, squeezing the shoulder blade, then reach forward slowly.
single_arm_dumbbell_bench_press	Single Arm Dumbbell Bench Press	strength	generic shared cue	You need two dumbbells and a bench. Perform the Single Arm Dumbbell Bench Press with smooth, controlled form. One rep is one full, controlled movement from start to finish and back. Do every rep on one side, then switch sides.
single_leg_back_extension	Single Leg Back Extension	strength	generic shared cue	You need a back-extension bench. Perform the Single Leg Back Extension with smooth, controlled form. One rep is one full, controlled movement from start to finish and back. Do every rep on one side, then switch sides.
single_leg_calf_raise_off_block	Single Leg Calf Raise Off Block	kot	generic shared cue	Perform the Single Leg Calf Raise Off Block with smooth, controlled form. One rep is one full, controlled movement from start to finish and back. Do every rep on one side, then switch sides.
single_leg_calf_stretch	Single Leg Calf Stretch	warmup	generic shared cue	Perform the Single Leg Calf Stretch with smooth, controlled form. Hold the position for the time shown above; that is one rep. Do every rep on one side, then switch sides.
single_leg_mini_hurdle_jump	Single Leg Mini Hurdle Jump	speed_lab	generic shared cue	You need mini hurdles. Perform the Single Leg Mini Hurdle Jump with smooth, controlled form. One rep is one run of the prescribed distance at the effort shown; walk back slowly to rest.
single_leg_pike_stretch	Single Leg Pike Stretch	warmup	generic shared cue	Perform the Single Leg Pike Stretch with smooth, controlled form. Hold the position for the time shown above; that is one rep. Do every rep on one side, then switch sides.
single_leg_seated_jump	Single Leg Seated Jump	speed_lab	generic shared cue	You need a sturdy box. Perform the Single Leg Seated Jump with smooth, controlled form. One rep is one run of the prescribed distance at the effort shown; walk back slowly to rest.
single_leg_wall_sit	Single Leg Wall Sit	strength	generic shared cue	Perform the Single Leg Wall Sit with smooth, controlled form. Hold the position for the time shown above; that is one rep. Do every rep on one side, then switch sides.
slant_board_calf_raise	Slant Board Calf Raise	kot	generic shared cue	You need a slant board. Perform the Slant Board Calf Raise with smooth, controlled form. One rep is one full, controlled movement from start to finish and back.
slant_board_calf_stretch	Slant Board Calf Stretch	warmup	generic shared cue	You need a slant board. Perform the Slant Board Calf Stretch with smooth, controlled form. Hold the position for the time shown above; that is one rep.
slant_board_hamstring_stretch	Slant Board Hamstring Stretch	warmup	generic shared cue	You need a slant board. Perform the Slant Board Hamstring Stretch with smooth, controlled form. Hold the position for the time shown above; that is one rep.
slant_board_jefferson_curl	Slow Standing Back Curl on Slant Board	strength	generic shared cue	You need a slant board and two dumbbells. Perform the Slow Standing Back Curl on Slant Board with smooth, controlled form. One rep is one full, controlled movement from start to finish and back.
sled_march	Sled March	speed_lab	generic shared cue	Load the sled heavy, grab the tall handles with straight arms and lean in. Push the sled forward with slow, deliberate marching steps, driving each knee up; walk back between reps.
sled_push	Sled Push	speed_lab	generic shared cue	Load the sled, grab the tall handles with straight arms and lean in at about 45 degrees. Push the sled forward with short, powerful steps; walk back between reps.
sleeper_stretch	Sleeper Stretch	arm_care	generic shared cue	Perform the Sleeper Stretch with smooth, controlled form. Hold the position for the time shown above; that is one rep.
slideboard_leg_curl	Slideboard Leg Curl	strength	generic shared cue	Perform the Slideboard Leg Curl with smooth, controlled form. One rep is one full, controlled movement from start to finish and back.
slider_reverse_lunge	Slider Reverse Lunge	strength	generic shared cue	Perform the Slider Reverse Lunge with smooth, controlled form. One rep is one full, controlled movement from start to finish and back. Do every rep on one side, then switch sides.
sp_atg_split_squat	Deep Range Split Squat, Mobility	kot	PFP/throwing/EASS/strap-sled — safest version written	Strength-block movement. Never performed before sprinting or running — deep loaded knee flexion blunts tendon stiffness for speed work. One rep is one full, controlled movement from start to finish and back. Do every rep on one side, then switch sides.
sp_tibialis_raise	Tibialis Raise	kot	PFP/throwing/EASS/strap-sled — safest version written	Heels down, toes up to shin, with brief pause. One rep is one full, controlled movement from start to finish and back.
split_squat_jump	Split Squat Jump	speed_lab	generic shared cue	Perform the Split Squat Jump with smooth, controlled form. One rep is one run of the prescribed distance at the effort shown; walk back slowly to rest.
split_stance_landmine_push_press	Split Stance Landmine Push Press	strength	generic shared cue	You need a landmine (barbell anchored in a corner). Perform the Split Stance Landmine Push Press with smooth, controlled form. One rep is one full, controlled movement from start to finish and back. Do every rep on one side, then switch sides.
split_stance_overhead_jump_toss	Split Stance Overhead Jump Toss	compound	generic shared cue	You need a medicine ball. Perform the Split Stance Overhead Jump Toss with smooth, controlled form. One rep is one full, controlled movement from start to finish and back. Do every rep on one side, then switch sides.
sprint_decelerate_sprint	Sprint Decelerate Sprint	speed_lab	generic shared cue	Perform the Sprint Decelerate Sprint with smooth, controlled form. One rep is one run of the prescribed distance at the effort shown; walk back slowly to rest.
sprint_to_backpedal	Sprint To Backpedal	speed_lab	generic shared cue	Perform the Sprint To Backpedal with smooth, controlled form. One rep is one run of the prescribed distance at the effort shown; walk back slowly to rest.
squat_toe_touch	Squat Toe Touch	warmup	generic shared cue	Perform the Squat Toe Touch with smooth, controlled form. One rep is one full, controlled movement from start to finish and back.
standing_ab_rollout	Standing Ab Rollout	trunk	generic shared cue	You need an ab wheel. Perform the Standing Ab Rollout with smooth, controlled form. One rep is one full, controlled movement from start to finish and back.
standing_groin_stretch	Standing Groin Stretch	warmup	generic shared cue	Perform the Standing Groin Stretch with smooth, controlled form. Hold the position for the time shown above; that is one rep.
standing_pancake	Standing Pancake	warmup	generic shared cue	Perform the Standing Pancake with smooth, controlled form. Keep a steady, smooth rhythm until you reach the time or count shown above.
step_up	Step Up	strength	generic shared cue	You need a sturdy box and two dumbbells. Perform the Step Up with smooth, controlled form. One rep is one full, controlled movement from start to finish and back. Do every rep on one side, then switch sides.
straight_arm_dumbbell_pullover	Straight Arm Dumbbell Pullover	strength	generic shared cue	You need two dumbbells and a bench. Perform the Straight Arm Dumbbell Pullover with smooth, controlled form. One rep is one full, controlled movement from start to finish and back.
straight_leg_bound	Straight Leg Bound	speed_lab	generic shared cue	Perform the Straight Leg Bound with smooth, controlled form. One rep is one run of the prescribed distance at the effort shown; walk back slowly to rest.
straight_leg_calf_raise	Straight Leg Calf Raise	kot	generic shared cue	Perform the Straight Leg Calf Raise with smooth, controlled form. One rep is one full, controlled movement from start to finish and back.
straight_leg_sit_up	Straight Leg Sit Up	trunk	generic shared cue	Perform the Straight Leg Sit Up with smooth, controlled form. One rep is one full, controlled movement from start to finish and back.
strap_loaded_hip_flexor_raise	Strap Loaded Hip Flexor Raise	trunk	generic shared cue	You need a cable machine. Perform the Strap Loaded Hip Flexor Raise with smooth, controlled form. One rep is one full, controlled movement from start to finish and back.
t_stretch	T Stretch	warmup	generic shared cue	Perform the T Stretch with smooth, controlled form. Hold the position for the time shown above; that is one rep.
table_slide	Table Slide	warmup	generic shared cue	You need a bench. Perform the Table Slide with smooth, controlled form. Keep a steady, smooth rhythm until you reach the time or count shown above.
tailors_pose	Tailors Pose	warmup	generic shared cue	Perform the Tailors Pose with smooth, controlled form. Keep a steady, smooth rhythm until you reach the time or count shown above.
tall_plank_shoulder_tap	Tall Plank Shoulder Tap	trunk	generic shared cue	Perform the Tall Plank Shoulder Tap with smooth, controlled form. One rep is one full, controlled movement from start to finish and back.
tempo_run_hundred_meter	Tempo Run Hundred Meter	speed_lab	generic shared cue	Perform the Tempo Run Hundred Meter with smooth, controlled form. One rep is one run of the prescribed distance at the effort shown; walk back slowly to rest.
teres_ball_release	Teres Ball Release	warmup	generic shared cue	You need a lacrosse ball. Perform the Teres Ball Release with smooth, controlled form. Keep a steady, smooth rhythm until you reach the time or count shown above.
thoracic_foam_roll	Thoracic Foam Roll	warmup	generic shared cue	You need a foam roller. Perform the Thoracic Foam Roll with smooth, controlled form. Keep a steady, smooth rhythm until you reach the time or count shown above.
thread_the_needle	Thread The Needle	warmup	generic shared cue	Perform the Thread The Needle with smooth, controlled form. Keep a steady, smooth rhythm until you reach the time or count shown above.
tibialis_raise	Tibialis Raise	kot	PFP/throwing/EASS/strap-sled — safest version written	Heels planted, lift toes, hold, slow lower. One rep is one full, controlled movement from start to finish and back.
tibialis_stretch	Tibialis Stretch	warmup	generic shared cue	Perform the Tibialis Stretch with smooth, controlled form. Hold the position for the time shown above; that is one rep.
toe_walk	Toe Walk	kot	generic shared cue	Perform the Toe Walk with smooth, controlled form. One rep is one full, controlled movement from start to finish and back.
towel_sleeper_stretch	Towel Sleeper Stretch	warmup	generic shared cue	Perform the Towel Sleeper Stretch with smooth, controlled form. Hold the position for the time shown above; that is one rep.
trap_bar_carry	Trap Bar Carry	strength	generic shared cue	You need a trap bar. Perform the Trap Bar Carry with smooth, controlled form. One rep is one run of the prescribed distance at the effort shown; walk back slowly to rest.
trap_three_raise	Trap Three Raise	strength	generic shared cue	You need two dumbbells. Perform the Trap Three Raise with smooth, controlled form. One rep is one full, controlled movement from start to finish and back.
trunk_twist	Trunk Twist	warmup	generic shared cue	Perform the Trunk Twist with smooth, controlled form. One rep is one full, controlled movement from start to finish and back.
ubp_f06_a_sled_strap_rapid_row	Sled Strap Rapid Row	upper_body_plyo	PFP/throwing/EASS/strap-sled — safest version written	You need a sled and a strap. Rip the strap to the ribs, reset fast. One rep is one full, controlled movement from start to finish and back.
ubp_f06_base_sled_strap_rapid_press	Sled Strap Rapid Press	upper_body_plyo	PFP/throwing/EASS/strap-sled — safest version written	You need a sled and a strap. Short, sharp punches, no reaching. One rep is one full, controlled movement from start to finish and back.
ubp_f06_c_landmine_rapid_press	Landmine Rapid Press	upper_body_plyo	PFP/throwing/EASS/strap-sled — safest version written	You need a landmine (barbell anchored in a corner). Quick punches, ribs stay down. One rep is one full, controlled movement from start to finish and back.
ubp_f06_d_sled_strap_rotational_punch	Sled Strap Rotational Punch	upper_body_plyo	PFP/throwing/EASS/strap-sled — safest version written	You need a sled and a strap. Turn the back hip through each punch. One rep is one full, controlled movement from start to finish and back.
ubp_f07_a_strap_sled_catch_row	Strap Sled Catch to Row	upper_body_plyo	PFP/throwing/EASS/strap-sled — safest version written	You need a sled, a strap and a resistance band. Catch, then rip it back to the ribs. One rep is one full, controlled movement from start to finish and back.
ubp_f08_a_strap_sled_catch_stick	Strap Sled Catch and Stick	upper_body_plyo	PFP/throwing/EASS/strap-sled — safest version written	You need a sled, a strap and a resistance band. Catch and hold, shoulders packed. One rep is one full, controlled movement from start to finish and back.
ubp_f23_banded_sled_press_rebound	Banded Sled Press (Rebound)	upper_body_plyo	PFP/throwing/EASS/strap-sled — safest version written	You need a sled and a resistance band. Press the sled away, catch it coming back, press again. One rep is one full, controlled movement from start to finish and back.
ulnar_deviation	Ulnar Deviation	arm_care	generic shared cue	You need two dumbbells. Perform the Ulnar Deviation with smooth, controlled form. One rep is one full, controlled movement from start to finish and back.
ulnar_nerve_glide	Ulnar Nerve Glide	warmup	generic shared cue	Perform the Ulnar Nerve Glide with smooth, controlled form. Keep a steady, smooth rhythm until you reach the time or count shown above.
v_up	V Up	trunk	generic shared cue	Perform the V Up with smooth, controlled form. One rep is one full, controlled movement from start to finish and back.
walking_lunge	Walking Lunge	strength	generic shared cue	You need two dumbbells. Perform the Walking Lunge with smooth, controlled form. One rep is one full, controlled movement from start to finish and back. Do every rep on one side, then switch sides.
wall_ankle_mobilization	Wall Ankle Mobilization	warmup	generic shared cue	Perform the Wall Ankle Mobilization with smooth, controlled form. Keep a steady, smooth rhythm until you reach the time or count shown above.
wall_finger_crawl	Wall Finger Crawl	arm_care	generic shared cue	Perform the Wall Finger Crawl with smooth, controlled form. One rep is one full, controlled movement from start to finish and back.
wall_sit	Wall Sit	strength	generic shared cue	Perform the Wall Sit with smooth, controlled form. Hold the position for the time shown above; that is one rep.
weighted_butterfly_stretch	Weighted Butterfly Stretch	warmup	generic shared cue	You need a weight plate. Perform the Weighted Butterfly Stretch with smooth, controlled form. Hold the position for the time shown above; that is one rep.
weighted_crunch	Weighted Crunch	trunk	generic shared cue	You need two dumbbells. Perform the Weighted Crunch with smooth, controlled form. One rep is one full, controlled movement from start to finish and back.
weighted_dead_bug	Weighted Dead Bug	trunk	generic shared cue	You need two dumbbells. Perform the Weighted Dead Bug with smooth, controlled form. One rep is one full, controlled movement from start to finish and back. Do every rep on one side, then switch sides.
weighted_pigeon_pose	Weighted Pigeon Pose	warmup	generic shared cue	You need a weight plate. Perform the Weighted Pigeon Pose with smooth, controlled form. Keep a steady, smooth rhythm until you reach the time or count shown above.
weighted_squat_jump	Weighted Squat Jump	speed_lab	generic shared cue	You need two dumbbells. Perform the Weighted Squat Jump with smooth, controlled form. One rep is one run of the prescribed distance at the effort shown; walk back slowly to rest.
wide_grip_pull_up	Wide Grip Pull Up	strength	generic shared cue	You need a pull-up bar. Perform the Wide Grip Pull Up with smooth, controlled form. One rep is one full, controlled movement from start to finish and back.
wide_stance_cable_rotation	Wide Stance Cable Rotation	compound	generic shared cue	Set the cable (or a band tied to a post) at hip height on one side and hold the handle with both hands at your chest. Stand sideways to the anchor; turn your hips and chest away from it, pause, then return slowly. Do every rep on one side, then switch.
wost_balloon_hand_switch	Balloon hand-switch keep-up	cross_sport	generic shared cue	Perform the Balloon hand-switch keep-up with smooth, controlled form. Keep a steady, smooth rhythm until you reach the time or count shown above.
wost_balloon_keep_up	Balloon keep-up (solo)	cross_sport	generic shared cue	Perform the Balloon keep-up (solo) with smooth, controlled form. Keep a steady, smooth rhythm until you reach the time or count shown above.
wost_balloon_keepup_partner	Balloon partner keep-up (game-day primer)	cross_sport	generic shared cue	Perform the Balloon partner keep-up (game-day primer) with smooth, controlled form. Keep a steady, smooth rhythm until you reach the time or count shown above.
wost_beanbag_balance_walk	Beanbag balance walk (head)	cross_sport	generic shared cue	Perform the Beanbag balance walk (head) with smooth, controlled form. Hold the position for the time shown above; that is one rep.
wost_beanbag_foot_flip	Beanbag foot flip	cross_sport	generic shared cue	Perform the Beanbag foot flip with smooth, controlled form. Keep a steady, smooth rhythm until you reach the time or count shown above.
wost_beanbag_toss_catch	Beanbag toss and catch	cross_sport	generic shared cue	Perform the Beanbag toss and catch with smooth, controlled form. Keep a steady, smooth rhythm until you reach the time or count shown above.
wost_coin_finger_roll	Coin finger roll	cross_sport	generic shared cue	Perform the Coin finger roll with smooth, controlled form. Keep a steady, smooth rhythm until you reach the time or count shown above.
wost_light_bat_shadow_tap	Light bat shadow tap	cross_sport	generic shared cue	Perform the Light bat shadow tap with smooth, controlled form. Keep a steady, smooth rhythm until you reach the time or count shown above.
wost_mini_frisbee_roll_catch	Mini frisbee roll catch	cross_sport	generic shared cue	Perform the Mini frisbee roll catch with smooth, controlled form. Keep a steady, smooth rhythm until you reach the time or count shown above.
wost_mini_frisbee_toss	Mini frisbee toss and catch	cross_sport	generic shared cue	Perform the Mini frisbee toss and catch with smooth, controlled form. Keep a steady, smooth rhythm until you reach the time or count shown above.
wost_mirror_me_ball_toss	Mirror-me partner ball toss	cross_sport	generic shared cue	Perform the Mirror-me partner ball toss with smooth, controlled form. Keep a steady, smooth rhythm until you reach the time or count shown above.
wost_partner_alt_rapid_catch	Partner alternating rapid catch	cross_sport	generic shared cue	Perform the Partner alternating rapid catch with smooth, controlled form. Keep a steady, smooth rhythm until you reach the time or count shown above.
wost_reaction_drop_catch	Reaction drop-catch (partner)	cross_sport	generic shared cue	Perform the Reaction drop-catch (partner) with smooth, controlled form. Keep a steady, smooth rhythm until you reach the time or count shown above.
wost_rhythm_ball_tap	Rhythm ball tap (metronome)	cross_sport	generic shared cue	Perform the Rhythm ball tap (metronome) with smooth, controlled form. Keep a steady, smooth rhythm until you reach the time or count shown above.
wost_scarf_juggle_2	Two-scarf juggle	cross_sport	generic shared cue	Perform the Two-scarf juggle with smooth, controlled form. Keep a steady, smooth rhythm until you reach the time or count shown above.
wost_scarf_juggle_3	Three-scarf juggle	cross_sport	generic shared cue	Perform the Three-scarf juggle with smooth, controlled form. Keep a steady, smooth rhythm until you reach the time or count shown above.
wost_scarf_one_hand_snatch	Scarf one-hand snatch	cross_sport	generic shared cue	Perform the Scarf one-hand snatch with smooth, controlled form. Keep a steady, smooth rhythm until you reach the time or count shown above.
wost_scarf_partner_volley	Scarf partner volley (game-day primer)	cross_sport	generic shared cue	Perform the Scarf partner volley (game-day primer) with smooth, controlled form. Keep a steady, smooth rhythm until you reach the time or count shown above.
wost_shuttle_tap_up	Badminton shuttle tap-up	cross_sport	generic shared cue	Perform the Badminton shuttle tap-up with smooth, controlled form. Keep a steady, smooth rhythm until you reach the time or count shown above.
wost_tennis_ball_clap_catch	Tennis ball clap-catch	cross_sport	generic shared cue	Perform the Tennis ball clap-catch with smooth, controlled form. Keep a steady, smooth rhythm until you reach the time or count shown above.
wost_tennis_ball_cross_body	Tennis ball cross-body catch	cross_sport	generic shared cue	Perform the Tennis ball cross-body catch with smooth, controlled form. Keep a steady, smooth rhythm until you reach the time or count shown above.
wost_tennis_ball_one_hand_catch	Tennis ball one-hand catch	cross_sport	generic shared cue	Perform the Tennis ball one-hand catch with smooth, controlled form. Keep a steady, smooth rhythm until you reach the time or count shown above.
wost_tennis_ball_self_rally	Tennis ball one-hand self-rally	cross_sport	generic shared cue	Perform the Tennis ball one-hand self-rally with smooth, controlled form. Keep a steady, smooth rhythm until you reach the time or count shown above.
wost_tennis_ball_wall_react	Tennis ball reaction toss vs wall	cross_sport	generic shared cue	Perform the Tennis ball reaction toss vs wall with smooth, controlled form. Keep a steady, smooth rhythm until you reach the time or count shown above.
wrist_roller	Wrist Roller	arm_care	generic shared cue	Perform the Wrist Roller with smooth, controlled form. One rep is one full, controlled movement from start to finish and back.
zottman_curl	Palm-Up Curl with Palm-Down Lowering	arm_care	generic shared cue	You need two dumbbells. Perform the Palm-Up Curl with Palm-Down Lowering with smooth, controlled form. One rep is one full, controlled movement from start to finish and back.
